Sample,MAG001,MAG002,MAG003,MAG004,MAG005,MAG006,MAG007,MAG008,MAG009,MAG010,MAG011,MAG012,MAG013,MAG014,MAG015,MAG016,MAG017,MAG018,MAG019,MAG020,MAG021,MAG022,MAG023,MAG024,MAG025,MAG026,MAG027,MAG028,MAG029,MAG030,MAG031,MAG032,MAG033,MAG034,MAG035,MAG036,MAG037,MAG038,MAG039,MAG040,MAG041,MAG042,MAG043,MAG044,MAG045,MAG046,MAG047,MAG048,MAG049,MAG050,MAG051,MAG052,MAG053,MAG054,MAG055,MAG056,MAG057,MAG058,MAG059,MAG060,MAG061,MAG062,MAG063,MAG064,MAG065,MAG066,MAG067,MAG068,MAG069,MAG070,MAG071,MAG072,MAG073,MAG074,MAG075,MAG076,MAG077,MAG078,MAG079,MAG080,MAG081,MAG082,MAG083,MAG084,MAG085,MAG086,MAG087,MAG088,MAG089,MAG090,MAG091,MAG092,MAG093,MAG094,MAG095,MAG096,MAG097,MAG098,MAG099,MAG100,MAG101,MAG102,MAG103,MAG104,MAG105,MAG106,MAG107,MAG108,MAG109,MAG110,MAG111,MAG112,MAG113,MAG114,MAG115,MAG116,MAG117,MAG118,MAG119,MAG120,MAG121,MAG122,MAG123,MAG124,MAG125,MAG126,MAG127,MAG128,MAG129,MAG130,MAG131,MAG132,MAG133,MAG134,MAG135,MAG136,MAG137,MAG138,MAG139,MAG140,MAG141,MAG142,MAG143,MAG144,MAG145,MAG146,MAG147,MAG148,MAG149,MAG150,MAG151,MAG152,MAG153,MAG154,MAG155,MAG156,MAG157,MAG158,MAG159,MAG160,MAG161,MAG162,MAG163,MAG164,MAG165,MAG166,MAG167,MAG168,MAG169,MAG170,MAG171,MAG172,MAG173,MAG174,MAG175,MAG176,MAG177,MAG178,MAG179,MAG180,MAG181,MAG182,MAG183,MAG184,MAG185,MAG186,MAG187,MAG188,MAG189,MAG190,MAG191,MAG192,MAG193,MAG194,MAG195,MAG196,MAG197,MAG198,MAG199,MAG200,MAG201,MAG202,MAG203,MAG204,MAG205,MAG206,MAG207,MAG208,MAG209,MAG210,MAG211,MAG212,MAG213,MAG214,MAG215,MAG216,MAG217,MAG218,MAG219,MAG220,MAG221,MAG222,MAG223,MAG224,MAG225,MAG226,MAG227,MAG228,MAG229,MAG230,MAG231,MAG232,MAG233,MAG234,MAG235,MAG236,MAG237,MAG238,MAG239,MAG240
NSg1AJ41C,0.05436592485522006,0.04009348513717724,0.008691489661257167,0.036534291962718575,0.030142386499094242,0.009025633324260143,0.008826648895730283,0.01760824471330286,0.0436564327348157,0.011535465219962269,0.008886719666607222,0.05605729249772388,0.07112379271829623,0.015674716775701373,0.0126261251536967,0.011537342431552172,0.007381195971503928,0.02293952562863123,0.005233665912653345,0.006919401920387456,0.07068827962943842,0.00682178691771243,0.004584150702546438,0.007996921372992558,0.011456622333186285,0.009367285833622736,0.029892717357636968,0.021524108089843345,0.08832655972817975,0.006816155282942717,0.004028496071934748,0.00559784496109479,0.008582611389042715,0.03204400183966735,0.005244929182192771,0.0034352972095249715,0.0038388977013544085,6.757961723655681e-05,0.0009085704095137082,0.023395688044977988,0.02303901784289616,0.006513924216968116,0.00650266094742869,0.008201537436292131,0.0,0.0033902441313672666,0.003026065082925822,0.005327526492148562,0.022789348701438884,0.0029472221961498388,0.0032813658591528145,0.0019110013985226344,0.0022488994847054185,0.0031480838362696055,0.0,0.0,0.0,0.0,0.0,0.0,0.0,0.0,0.0,0.0,0.0,0.0,0.0,0.0,0.0,0.0,0.0,0.0,0.0,0.0,0.0,0.0,0.0,0.0,0.0,0.0,0.0,0.0,0.0,0.0,0.0,0.0,0.0,0.0,0.0,0.0,0.0,0.0,0.0,0.0,0.0,0.0,0.0,0.0,0.0,9.386057949521781e-06,0.0,0.0,0.0,0.0,0.0,0.0,0.0,0.0,0.0,0.0,0.0,0.0,0.0,0.0,0.0,0.00011638711857407007,0.0,0.0,0.0,0.0,0.0,0.0,0.0,0.0,0.0,0.0,0.0,0.0,0.0,0.0,0.0,0.0,0.0,0.0007846744445800208,0.0,0.0,0.0,0.0,0.0,6.382519405674811e-05,0.0,0.0,0.0,0.0,0.0,0.0,0.0010775194526051004,0.0,0.0,0.0030148018133863957,0.00036042462526163633,0.0,0.0,8.635173313560038e-05,0.001081273875784909,0.0,0.0,0.00023652866032794885,0.00017645788945100946,0.0,0.0,0.0,0.0,0.00015393135037215718,0.0,0.0,0.0,0.0,0.0005293736683530284,0.00011638711857407007,0.001565594465980233,0.0,3.0035385438469698e-05,0.0004918294365549413,2.6280962258660986e-05,0.0,6.757961723655681e-05,7.508846359617425e-05,0.0,0.00013891365765292233,7.133404041636553e-05,0.002372795449639106,0.001250222918876301,0.0010324663744473957,0.0,8.259730995579166e-05,0.0024741648754939413,0.0,0.0018359129349264601,1.8772115899043562e-05,0.0038332660665846953,0.0003378980861827841,0.008293520804197445,0.003716878948010625,0.0,0.0,0.0010718878178353872,0.0,0.0,0.0,0.00953248045353432,0.0,0.0,0.00036042462526163633,0.0018021231263081817,0.0,0.0,0.0,0.0,0.0,0.0,0.004261270309082888,0.001139467435071944,0.00023652866032794885,0.004306323387240593,5.631634769713068e-05,0.024655297021803812,0.0,0.0003529157789020189,0.0,0.0,0.0,0.0,0.0,0.0,0.0,0.0,0.0,0.0,0.00018396673581062687,0.0,2.6280962258660986e-05,0.00013515923447311363,0.0,4.880750133751326e-05,0.0,0.0,0.0005030927060943675,0.0,0.0
NSg1BJ41C,0.0,0.05018021699223634,0.004598430191072703,0.04159932670199855,0.004452061060322378,0.010684946544773708,0.009879916325646922,0.022073278078986475,0.02790364845387441,0.005726692240606457,0.009690856198427753,0.026814011591621997,0.06777703915577538,0.008334908834393494,0.018466905329665974,0.015594411138690853,0.010774394346898907,0.025358451902493768,0.006924073046327864,0.004565903717572631,0.07754311282417205,0.006098713781263532,0.007745366502204686,0.011239929498868689,0.012431211590808832,0.023634548806989942,0.03412636941535697,0.024130577527866043,0.0933387815176446,0.007964920198330172,0.005509171449074724,0.006517492127576962,0.006761440678827502,0.02885098199456402,0.005976739505638261,0.004712272848322955,0.002126418205067218,0.030483404383348886,0.009749810431646633,0.02827770289912524,0.014413293569719482,0.007346917201828802,0.007444496622329017,0.00849957410648761,0.0048708394066358076,0.004553706290010104,0.004395139731697252,0.0056230141063249766,0.027200263464435354,0.004134927943696675,0.004773259986135591,0.0024110248481928496,0.0023337744736301783,0.0034274771450701048,0.0,0.0,0.0,0.0,0.0,0.0,0.0,0.0,0.0,0.0,0.0,0.0,0.0,0.0,0.0,0.0,0.0,0.0,0.0,0.0,0.0,0.0,0.0,0.0,0.0,0.0,0.0,0.0,0.0,0.0,0.0,0.0,0.0,0.0,0.0,0.0,0.0,0.0,0.0,0.0,0.0,0.0,0.0,0.0,0.0,1.6263236750036086e-05,0.0,0.0,0.0,0.0,0.0,0.0,0.0,0.0,0.0,0.0,6.098713781263532e-05,0.0,0.0,0.0,0.0,0.00016263236750036086,0.0,0.0,0.0,0.0,0.0,0.0,0.0,0.0,8.131618375018043e-06,0.0,0.0,0.0,0.0,0.0,0.0,0.0,0.0,0.001154689809252562,0.0,0.0,0.0,0.0,0.0,0.00014230332156281575,0.0,0.0,0.0,0.0,0.0,0.0,0.0014027041696906123,0.0,1.2197427562527064e-05,0.00396619686241505,0.00041471253712592015,0.0,0.0,0.00011384265725025261,0.0013457828410654861,0.0,0.0,0.0003049356890631766,0.00021955369612548716,0.0,0.0,1.2197427562527064e-05,0.0,0.0002114220777504691,0.0,0.0,0.0,0.0,0.0006383320424389163,0.00016669817668786986,0.0,0.0,4.0658091875090214e-05,0.0005285551943761728,2.8460664312563152e-05,0.0,8.131618375018043e-05,0.000744043081314151,0.0,0.00016669817668786986,9.35136113127075e-05,0.002557393978943174,0.0012563350389402875,0.0036836231238831733,0.0,0.001187216282752634,0.003224186685694654,0.0,0.0004106467279384111,5.2855519437617276e-05,0.004866773597448299,0.0005244893851886638,0.006741111632889957,0.004057677569134004,0.0,0.0,0.001349848650252995,0.0,0.0,0.0,0.010701209781523745,0.0,0.0,0.0004513048198135014,0.002293116381755088,0.0,0.002337840282817687,0.0,0.0,0.0,4.0658091875090216e-06,0.004811885173416927,0.0004574035335947649,0.00012604008481277966,0.005590487632824904,0.00010571103887523455,0.029804414249034884,0.0,0.00045943643818851935,0.0,0.0,0.0,0.0,0.0,0.0,0.0,0.0,0.0,0.0,6.911875618765337e-05,0.0,2.8460664312563152e-05,0.00015043493993783377,0.0,5.6921328625126304e-05,0.0,0.0,0.000557015858688736,0.0,0.0
NSg1CJ41C,0.0,0.03036937276202997,0.0,0.0,0.00027233289291998293,0.009438036820258157,0.012033709705901745,0.017786742068836382,0.016808045734905193,0.0009616755281236895,0.013678345067051328,0.05002840346969123,0.09785261258731136,0.000893592304893694,0.027407752551525152,0.018335663056128226,0.018369704667743222,0.039952086431651865,0.002902047390178568,0.004029675774925372,0.100786573988379,0.005625376319378397,0.0013786852704074136,0.019418611825630344,0.004016910170569748,0.005867922802135256,0.022799369379144816,0.03917763976741066,0.0762298064096099,0.007259373676898294,0.009825260152378758,0.006357270969100851,0.006650879869280208,0.03175018563316332,0.004801994838440636,0.00326373951358792,0.0010318863520796227,0.00018297366243061352,0.005050924123375307,0.049339060834487525,0.0006297698148774604,0.011684783186848017,0.00630195335022648,0.013133679281211364,0.0,0.003574369219574776,0.008391257263096972,0.007267884079802043,0.048245474061355716,0.007969992319361375,0.0069168299600223795,0.010467795571611843,0.005770053168742138,0.004604127970928461,0.0,0.0,0.0,0.0,0.0,0.0,0.0,0.0,0.0,0.0,0.0,0.0,0.0,0.0,0.0,0.0,0.0,0.0,0.0,0.0,0.0,0.0,0.0,0.0,0.0,0.0,0.0,0.0,0.0,0.0,0.0,0.0,0.0,0.0,0.0,0.0,0.0,0.0,0.0,0.0,0.0,0.0,0.0,0.0,0.0,1.7020805807498933e-05,0.0,0.0,0.0,0.0,0.0,0.0,0.0,0.0,0.0,0.0,0.0,0.0,0.0,0.0,0.0,0.00011489043920061779,0.0,0.0,0.0,0.0,0.0,0.0,0.0,0.0,5.957282032624627e-05,0.0,0.0,0.0,0.0,0.0,0.0,0.0,0.0,0.0007872122685968256,0.0,0.0,0.0,0.0,0.0,0.0002468016842087345,0.0,0.0,0.0,0.0,0.0,0.0,0.001178690802169301,0.0,3.4041611614997866e-05,0.007580641386514836,0.00036594732486122704,0.0,0.0,8.084882758561993e-05,0.001940371862054878,0.0,0.0,0.0002340360798531103,0.00014893205081561563,0.0,0.0,1.7020805807498933e-05,0.0,0.00018297366243061352,0.0,0.0,0.0,0.0,0.0007191290453668299,0.00013616644645999146,0.0017616534010761393,0.0,2.9786410163123134e-05,0.0004255201451874733,2.5531208711248394e-05,0.0,7.233842468187046e-05,9.786963339311886e-05,0.0,0.00015318725226749037,8.084882758561993e-05,0.0021276007259373665,0.0011701803992655514,0.000429775346639348,0.0,0.00022552567694936085,0.0026424801016142092,0.0,0.0005233897785805921,8.510402903749466e-05,0.004778591230455325,0.00030637450453498073,0.004038186177829121,0.0033445883411735403,0.0,0.0,0.0019531374664105024,0.0,0.0,0.0,0.010233759491758733,0.0,0.0,0.0007446602540780782,0.0024552512377317205,0.0,0.0,0.0,0.0,0.0,0.0,0.004797739636988761,0.003089276254061056,0.0004255201451874733,0.004799867237714698,3.829681306687259e-05,0.036539414867248335,0.0,0.0009744411324793138,0.0,0.0,0.0,0.0,0.0,0.0,0.0,0.0,0.0,0.0,6.382802177812099e-05,0.0,3.829681306687259e-05,0.00020850487114186192,0.0,4.680721597062206e-05,0.0,0.0,0.0005361553829362163,0.0,0.0
R1J142A,0.0,0.0,0.0,0.0,2.1443581935926582e-05,0.0,0.0,0.0,0.0,0.0,0.0,0.0,0.0,0.0,0.0,0.0,0.0,0.0,0.0,0.0,0.0,0.0,0.0,0.0,0.0,0.0,0.0,0.0,0.0,0.0,0.0,0.0,0.0,0.0,0.0,0.0,0.0,0.0,0.0,0.0,0.0,0.0,0.0,0.0,0.0,0.0,0.0,0.0,0.0,0.0,0.0,0.0,0.0,0.0,0.033261378202837234,0.03227259081356951,0.025987238686127914,0.009563837543423256,0.00430777734890614,0.00787217719070016,0.014592357507398042,0.04317665222798817,0.025129495408690854,0.02115766751011423,0.006767832720999941,0.00780784644489238,0.005763558300334045,0.010202379761070848,0.004996354591070894,0.005594392265061736,0.008987243451368341,0.05322297036496978,0.005320390940324896,0.005418078369144117,0.00657364917346905,0.0036787656121189606,0.003297546377702488,0.006456900782929005,0.023726132101995215,0.007348000743377509,0.007809037754999933,0.008910999604485046,0.00549313090591986,0.09925757554097395,0.05380909493788511,0.005694462314096059,0.010981496571409516,0.006766641410892388,0.021324450925171438,0.003142676063720796,0.0034405035906086654,0.003357111883080062,0.0035238952981372683,0.0028234049548970003,0.0068738593205720224,0.015572805725912907,0.007071616798425567,0.005777854021624663,0.002530342668439337,0.0032594244542608407,0.0050821289188146,0.0032903985170571796,0.0031069367604942516,0.0027042739441418525,0.0026804477419908232,0.0012008405884118888,0.0021777148766041,0.0004979676249565173,0.0021562712946681735,0.10036549394099682,0.0032594244542608407,4.765240430205908e-05,0.001466502742395868,5.9565505377573845e-05,0.005757601749796288,0.00011913101075514769,0.0,0.0,4.765240430205908e-05,0.0,0.0,8.100908731350043e-05,0.0021872453574645115,0.08200740518362856,0.006143586224642966,0.0,0.11247635249436513,0.0,0.0010221440722791672,0.0006361595974324886,0.00019060961720823632,0.0003430973109748253,0.00037645399398626673,0.0,0.0,0.0,0.0,0.0,0.0,0.0,0.0,0.0,0.0,0.0,0.0,0.0,0.0,0.0,0.0,0.0,0.0,0.0,0.0,0.0,0.0,0.0,0.0,0.0,0.0,0.0,0.0,0.0,0.0,0.0,0.0,0.0,0.0,0.0,0.0,0.0,0.0,0.0,0.0,0.00011913101075514769,0.0,0.0,0.0,0.0,0.0,0.0,0.0,0.0,0.0,0.0,0.0,0.0,0.0,0.0,0.0,0.0,0.0,0.0,0.0,0.0,0.0,0.0,0.0,0.0,0.0,0.0,0.0,0.0,0.0,0.0,0.0,0.0,0.0,0.0,0.0,0.0,0.0,0.0,0.0,0.0,0.0,0.0,0.0,0.0,0.0,0.0,0.0,0.0,0.0,0.0,0.0,0.0,0.0,0.0,0.0,0.0,0.0,0.00047175880259038485,0.0,0.0,0.0,0.0,0.0,0.0,0.0,0.0
R2J142A,0.0,0.0,0.0,0.0,0.0,0.0,0.0,0.0,0.0,0.0,0.0,0.0,0.0,0.0,0.0,0.0,0.0,0.0,0.0,0.0,0.0,0.0,0.0,0.0,0.0,0.0,0.0,0.0,0.0,0.0,0.0,0.0,0.0,0.0,0.0,0.0,0.0,0.0,0.0,0.0,0.0,0.0,0.0,0.0,0.0,0.0,0.0,0.0,0.0,0.0,0.0,0.0,0.0,0.0,0.00963018761041203,0.035353825154958364,0.026429297843585147,0.0,0.002273251689983165,0.00450987741288819,4.3951160493766877e-05,0.00010011097668024677,0.000586015473250225,0.018844060061702552,0.0011866813333317057,0.005252163679005142,0.005484128137166689,0.015100886226316735,0.00020754714677612135,0.00627280729491595,0.0024270807517113484,0.023789786482820596,0.0012110986447171318,0.003140066244165789,0.0019387345240028278,0.0029178687105584117,0.00199733607132785,0.006287457681747206,0.011050054267474555,0.004407324705069401,0.010243062126186225,0.00198756914677368,0.0034672582167304977,0.17858089027959045,0.014022861928650177,0.0030277466117928295,0.005675804031542283,0.010009876802455407,0.014696779722887934,0.0004920088244163347,0.002687125117966136,0.0018129853703678835,0.000998668035663925,0.0010450609272962346,0.004343839695467293,0.019992894562386843,0.0035453936131638612,0.005161819626879066,0.0006275249026054492,0.001091453818928544,0.005286347914944737,0.007137180117960032,0.005938290128935614,0.0008570476296284541,0.0026688121344270663,0.013378244908074929,0.006868589692720345,0.008111430842238532,0.003564927462272202,0.11176535940451063,0.004429300285316284,0.0024978909547290844,0.003958046175577562,0.0028470585075406766,0.008116314304515615,0.0032548276076772914,0.019460597174184555,3.418423593959646e-05,0.0013112096213973785,0.0,0.0,3.9067698216681667e-05,0.0015126524403271434,0.05820842861171714,0.002671253865565609,0.0,0.24996612098045276,0.0,1.4650386831255625e-05,0.0005322973882022877,0.00015260819615891278,0.000512763539093947,0.0006153162469127363,0.0,0.0,0.0,0.0,0.0,0.0,0.0,0.0,0.0,0.0,0.0,0.0,0.0,0.0,0.0,0.0,0.0,0.0,0.0,0.0,0.0,0.0,0.0,0.0,0.0,0.0,0.0,0.0,0.0,0.0,0.0,0.0,0.0,0.0,0.0,0.0,0.0,0.0,0.0,0.0,0.0,0.0,0.0,0.0,0.0,0.0,0.0,8.790232098753375e-05,0.0,0.0,0.0,0.0,0.0,0.0,0.0,0.0,0.0,0.0,0.0,0.0,0.0,0.0,0.0,0.0,0.0,0.0,0.0,0.0,0.0,0.0,0.0,0.0,0.0,0.0,0.0,0.0,0.0,0.0,0.0,0.0,0.0,0.0,0.0,0.0,0.0,0.0,0.0,0.0,0.0,0.0,0.0,0.0,0.0,0.0,0.0,0.0,0.0,0.0,0.00024905657613134564,0.0,0.0,0.0,0.0,0.0,0.0,0.0,0.0
R3J142A,0.0,0.0,0.0,0.0,0.0,0.0,0.0,0.0,0.0,0.0,0.0,0.0,0.0,0.0,0.0,0.0,0.0,0.0,0.0,0.0,0.0,0.0,0.0,0.0,0.0,0.0,0.0,0.0,0.0,0.0,0.0,0.0,0.0,0.0,0.0,0.0,0.0,0.0,0.0,0.0,0.0,0.0,0.0,0.0,0.0,0.0,0.0,0.0,0.0,0.0,0.0,0.0,0.0,0.0,0.008941921565276829,0.0012949632604237868,0.0,0.0,0.0,0.007313204887218046,0.0018316387559808615,0.004632497436773754,0.00488882006151743,0.019329662935748466,0.002539196001367054,0.0031132518796992484,0.011649329289131921,0.0137987012987013,9.879101161995899e-05,0.002063931134654819,0.0037006578947368423,0.02764546308954204,0.0002242822966507177,0.0009291695146958305,0.0005126452494873548,0.00585536995898838,0.0012842831510594668,0.0030972317156527686,0.00011214114832535885,0.00686197026657553,0.002682042464114833,0.02059125085440875,0.016088249743677376,0.0019865003417635,0.0317306049213944,0.007727059125085442,6.141062884483938e-05,0.0033442092447026656,0.008755019651401231,0.0001495215311004785,0.0014658450102529052,0.0002803528708133972,0.023615056818181816,3.471035543403965e-05,0.006469476247436774,0.006528216848940533,3.738038277511962e-05,0.04038950358851675,0.0,0.0017902533321941217,0.011278195488721806,0.007737739234449761,0.0028822945146958307,0.000595416097060834,0.004074461722488039,0.0024697752904989747,2.4030246069719754e-05,0.033698415071770335,0.0034950657894736842,0.010640058954203693,8.81109022556391e-05,0.006741819036226932,0.00021093215994531786,0.011405021787423105,0.007004816729323309,0.00196914516404648,0.030748034859876965,0.020182736671223514,0.0036686175666438827,0.005396125256322625,0.014428827751196173,0.017090845010252903,0.03611345480177717,0.12658599624060152,0.015861297419685578,0.0036459223342447033,0.28785431262816136,0.003129272043745728,0.0036205570745044434,0.0050757219753930286,0.0037967788790157215,0.005537636705399863,0.00299310064935065,0.0,0.0,0.0,0.0,0.0,0.0,0.0,0.0,0.0,0.0,0.0,0.0,0.0,0.0,0.0,0.0,0.0,0.0,0.0,0.0,0.0,0.0,0.0,0.0,0.0,0.0,0.0,0.0,0.0,0.0,0.0,0.0,0.0,0.0,0.0,0.0,0.0,0.0,0.0,0.0,0.0,0.0,0.0,0.0,0.0,0.0,0.0,0.0,0.0,0.0,0.0,0.0,0.0,0.0,0.0,0.0,0.0,0.0,0.0,0.0,0.0,0.0,0.0,0.0,0.0,0.0,0.0,0.0,0.0,0.0,0.0,0.0,0.0,0.0,0.0,0.0,0.0,0.0,0.0,0.0,0.0,0.0,0.0,0.0,0.0,0.0,0.0,0.0,0.0,0.0,0.0,0.0,0.0,0.0,0.0,0.0,0.0,0.0,0.003999700956937799,0.0,0.0,0.0,0.0005099752221462748,0.0,0.0,0.0,0.0
R4J147A,0.0,0.006759690279099591,0.0,0.0,0.0,0.0,0.0,0.000149512502983062,2.8752404419819616e-05,0.0,0.0,0.08931646908972764,0.0,0.0,0.0005606718861864825,0.0003536545743637812,0.0,1.4376202209909808e-05,0.006910640402303644,0.00369468396794682,0.004022461378332764,0.0,0.0,0.044337645235582826,0.0,0.0,0.00046291371115909577,0.00036228029568972713,0.0,0.0,0.0001782649074028816,0.0,0.0,3.450288530378353e-05,0.0001265105794472063,0.0013614263492784588,0.0,0.00017538966696089965,0.0,0.00014663726254108002,0.0,0.0,0.004315735903414924,7.188101104954904e-05,0.0,0.0,2.300192353585569e-05,0.0,0.00013226106033117024,0.0,0.0,2.300192353585569e-05,0.0010235855973455782,0.0,0.0,0.0,0.0,0.0,0.0,0.0,0.0,0.0,0.0,0.0,0.0,0.0,0.0,9.344531436441374e-05,0.0,0.0,0.0,0.0,0.0,0.0,0.0,0.0,0.0,0.0,0.0,0.0,0.0,0.0,0.0,0.0,0.0,0.0,0.0,0.0,0.0,0.0,0.0,0.0,0.0,0.0,0.0,0.0,0.0,0.0,0.0,0.0,0.0,0.0,0.0,0.0,0.0,0.0,0.0,0.0,0.0,0.0,0.0,0.0,0.0,0.0,0.0,0.0,0.0,0.0,0.0,0.0,0.0,0.0,0.0,0.0,0.0,0.0,9.488293458540473e-05,0.0,0.0,0.0,0.0,0.0,0.0,0.014951250298306198,0.009540047786496147,0.005658473189820499,0.18796453103390776,0.0047786496145740195,0.004816027740319785,0.0046176361498230295,0.016316989508247632,0.0048217782212037485,0.07621974887649981,0.00769701866318571,0.007691268182301747,0.006308277529708423,0.06460952797177666,0.011026547095000823,0.02107407481950678,0.0056915384549032924,0.06101691503952019,0.0733358827131919,0.0062105193546810366,0.0063470932756751796,0.008967874938541738,0.0072772335586563435,0.05280379071699872,0.005894242906063021,0.0074310589223023785,0.0036041138940243883,0.008887368206166242,0.0035164190605439386,0.006351406136338152,0.009305715690474616,0.0038556974326978103,0.007717145346279584,0.004058401883857538,0.0039045765202115035,0.0034359123281684435,0.014928248374770343,0.008533713631802461,0.004094342389382313,0.0,0.0,0.0,0.0,0.0,0.0,0.0,0.0032288950163457428,0.0,6.325528972360314e-05,0.0004399117876232401,0.0,6.613053016558512e-05,0.0,0.0,0.000520418519998735,0.0,0.00012938581988918826,0.0001926411096127914,0.0,0.0001035086559113506,0.0,0.0002530211588944126,0.002054359295796111,0.003793879763195198,0.00022139351403261103,0.002581965916899801,0.015790820507364932,0.0032202692950197963,8.625721325945883e-06,0.000149512502983062,0.0008453206899426966,0.0022700023289447583,0.0011500961767927846,0.006605864915453556,0.002840737556678178,0.002590591638225747,3.162764486180157e-05,0.0035494843256267308,0.0,0.0,8.625721325945883e-06,0.0,2.8752404419819616e-05,0.00032777741038594356,0.0,0.0012334781496102613,0.0011242190128149469,0.00268259933236917,0.0016043841666259343,0.001049462761323416,0.00605525637081401,0.0,0.0,0.0,0.0,0.00012076009856324237,0.0021104264844147595,0.0,0.0,0.0008424454495007147,0.0,0.0,0.0,0.0,7.4756251491531e-05,0.0,0.0
R4J147C,0.0,0.0020582451035857643,0.0,0.004175759045232899,0.0001454780570597268,0.0,0.00032328457124383735,0.021336781702093265,0.0,0.00010776152374794578,0.0,0.0,0.00017241843799671325,0.0,0.004800775882970985,0.002419246208141383,5.926883806137018e-05,0.0,0.0,0.0,0.011112907136506908,0.00032328457124383735,0.0,0.00024246342843287801,0.0,0.018992968560575443,0.011662490907621432,0.000204746895121097,0.0,0.00016703036180931597,0.001551765941970419,0.0,0.0001023734475605485,0.00012931382849753494,0.013173846278186371,0.0002613216950887685,0.0,3.2328457124383735e-05,0.0,0.006209757805975375,3.2328457124383735e-05,0.00018319459037150783,0.0006735095234246611,0.0001023734475605485,0.0,0.0,0.00012392575231013765,0.0009267491042323337,0.0058245103585764695,0.0,0.0,0.0,0.0001023734475605485,0.0005926883806137019,0.0,0.0,0.0,0.0,0.0,0.0,0.0,0.0,0.0,0.0,0.0,0.0,0.0,0.0,0.0,0.0,0.0,0.0,0.0,0.0,0.0,0.0,0.0,0.0,0.0,0.0,1.6164228562191868e-05,0.0,0.0,0.0,0.0,0.0,0.0,0.0,0.0,0.0,0.0,0.0,0.0,0.0,0.0,0.0,0.0,0.0,0.0,3.2328457124383735e-05,0.0,0.0,0.0,0.0,0.0,0.0,0.0,0.0,0.0,0.0,0.006597699291467981,0.0,0.0,0.0,0.0,3.2328457124383735e-05,0.0,0.0,0.0,0.0,0.0,0.0,0.0,0.0,0.0,0.0,0.0,0.0,0.0,0.0,0.0,0.0,0.0,0.00038794148549260477,0.0,0.0,0.0,0.0,0.0,0.0,0.0,0.0,0.0,0.0,0.0,0.0,0.0001643363237156173,0.0,0.0,0.00011314959993534306,0.00033406072361863193,0.0,0.0,3.7716533311781024e-05,0.00021013497130849428,0.0,0.0,0.0,0.0,0.0,0.0,0.0,0.0,2.6940380936986446e-05,0.0,0.0001508661332471241,0.0,0.0,1.6164228562191868e-05,0.0,0.0,0.0,0.03264096554325278,0.025232360785581505,0.019825426331528326,0.08568926964627278,0.272876424472642,0.012360246773889381,0.01691047711414639,0.0866725935504728,0.03563673590344567,0.009391416794633475,0.047043293192165735,0.008928042242517307,0.009547671004067995,0.011837603383711844,0.016864678466553516,0.007562164929012095,0.0066542740914356515,0.018095853875373796,0.00836768231902799,0.011212586545973758,0.010350494355990192,0.007257738624424148,0.0,0.0,0.00011314959993534306,0.0,0.0,0.0,0.012107007193081708,0.0,0.0,0.0,0.00028017996174465904,0.0,0.0,0.0,0.0,4.8492685686575596e-05,5.926883806137018e-05,0.034833912551523474,0.000409493790242194,0.0031681887981896057,0.007645680109916753,0.0001023734475605485,0.006476467577251541,0.0,0.0,0.0,0.0,0.0002478515046202753,0.0,0.0,0.0,0.0,0.015910988981384194,0.005441956949271262,0.03142326032490099,0.0035722945122444024,0.0,6.465691424876747e-05,0.0,0.0,0.0001454780570597268,0.0,0.0,0.0005441956949271262,0.0,0.0
R5J141A,0.0,0.006423486203834887,5.61390238605625e-05,0.0,0.0,0.0,5.90937093269079e-06,0.0001802358134470691,0.0,4.136559652883553e-05,0.0,0.057905925769437046,0.0,0.0,0.0006766229717930954,0.0013296084598554275,0.0,0.0,0.012229443145203588,0.0076408166159691905,0.005488328253736571,0.0,0.0,0.03347510899096015,0.0,0.0,0.0007977650759132567,0.0005968464642017697,0.0,0.0,0.00045797624728353617,0.0,0.0,0.0,0.00010932336225477961,0.0011863062147376758,0.0,0.00019796392624514146,0.0,0.0008479947288411283,0.0,0.0,0.004703859262421868,0.00013000616051919736,0.0,0.0,0.00012705147505285197,0.0,0.0007918557049805658,0.0,0.0,5.3184338394217105e-05,0.0021805578741629014,0.0,0.0,0.0,0.0,0.0,0.0,0.0,0.0,0.0,0.0,0.0,0.0,0.0,0.0,9.750462038939804e-05,0.0,0.0,0.0,0.0,0.0,0.0,0.0,0.0,0.0,0.0,0.0,0.0,0.0,0.0,0.0,0.0,0.0,0.0,0.0,0.0,0.0,0.0,0.0,0.0,0.0,0.0,0.0,0.0,0.0,0.0,0.0,0.0,0.0,0.0,0.0,0.0,0.0,0.0,0.0,0.0,0.0,0.0,0.0,0.0,0.0,0.0,0.0,0.0,0.0,0.0,0.0,0.0,0.0,0.0,0.0,0.0,0.0,0.0,0.0,0.0,0.0,0.0,0.0,0.0,0.0,0.06385223027045715,0.0,0.001362109999985227,0.17369413982458037,4.727496746152632e-05,1.4773427331726975e-05,0.0028867277006194504,0.015615512689635411,0.0014980255314371153,0.056673821929971016,0.004059737830758572,0.003988825379566283,0.011328264077968244,0.049374271485364725,0.004827956052008375,0.01948762799328105,0.003699266203864434,0.054930557504827233,0.02388567730993617,0.020925082472658084,0.023785218004080427,0.005946304501020107,0.0038204083079845953,0.06467806485830069,0.0032412899565808983,0.0051913823643688585,0.006195975422926292,0.010063658698372415,0.0020387329717783224,0.009381126355646629,0.002928093297148286,0.0011936929284035395,0.007741275921824934,0.004751134229883394,0.014847294468385609,0.009490449717901406,0.023087912234022914,0.0251177811494022,0.004378843861123875,0.0,0.0,0.0,0.0,0.0,4.432028199518092e-05,0.0,0.0033712961171000954,0.0,3.545622559614473e-05,0.0005111605856777532,0.0004047919088893191,0.0,0.0,8.864056399036183e-06,0.0008494720715743009,0.0,0.00016546238611534213,0.00020091861171148685,0.0,0.0001802358134470691,0.0,0.008923150108363092,0.011936929284035395,0.00992331113872101,0.003796770824253832,0.005120469913176569,0.01224126188706897,0.005675950780849504,0.0032412899565808983,0.0029753682646098127,0.0036963115183980886,0.0066716797830079005,0.004494076594311345,0.0048944364750011455,0.005374572863282273,0.0037302904012610607,1.7728112798072366e-05,0.003646081865470217,0.0,0.0,2.0682798264417766e-05,6.795776572594408e-05,5.90937093269079e-05,0.0005451394685407254,0.0001684170715816875,0.007194659110551036,0.0,0.002626715379581056,0.003270836811244352,0.0002806951193028125,0.0033299305205712598,0.0,0.0,0.0,0.0,0.00035456225596144735,0.0020461196854441857,0.0,0.0,7.977650759132566e-05,0.0,0.0,0.0,0.0,6.204839479325329e-05,0.0,0.0
R5J141C,0.0,0.0004795539570423654,0.0,0.0010342187748263061,0.0025768802992878915,0.0,0.000612442402969768,0.023001256662477796,0.0,0.0002686657711140963,0.00025999913333622223,5.1999826667244445e-05,0.0011035518770492988,0.0,0.025942135748436394,0.004523984920050267,0.0003351099940777975,8.088861926015803e-05,4.044430963007902e-05,0.0,0.03398477560630354,0.0005604425763025235,0.0,0.0022648813392844246,0.0,0.013745287515708282,0.03387788707370976,0.0011151073940864641,2.3111034074330867e-05,0.00047666507778307407,0.012682179948289062,1.733327555574815e-05,0.00020222154815039507,0.001224884805939536,0.012907512530513789,0.00040444309630079014,0.0,4.6222068148661734e-05,8.666637777874074e-05,0.018864381563172567,0.00011555517037165433,0.0006413311955626816,0.0017044387629819014,0.0004419985266715778,0.0,0.0,0.0007222198148228395,0.0017275497970562323,0.018413716398723117,0.0,0.00012133292889023704,5.777758518582716e-05,0.000670219988155595,0.0024064364229897015,0.0,0.0,0.0,0.0,0.0,0.0,0.0,0.0,0.0,0.0,0.0,0.0,0.0,0.0,0.0,0.0,0.0,0.0,0.0,0.0,0.0,0.0,0.0,0.0,0.0,0.0,0.0,0.0,0.0,0.0,0.0,0.0,0.0,0.0,0.0,0.0,0.0,0.0,0.0,0.0,0.0,0.0,0.0,0.0,0.0,0.0,0.0,0.0,0.0,0.0,0.0,0.0,0.0,0.0,0.0,0.0,0.006471089540812642,0.0,0.0,0.0,0.0,9.822189481590618e-05,0.0,0.0,0.0,0.0,0.0,0.0,0.0,0.0,0.0,0.0,0.0,0.0,0.0,0.0,0.0,0.0,0.0,0.0005026649911166963,0.0,0.0,0.0,0.0,0.0,5.777758518582716e-05,0.0,0.0,0.0,0.0,0.0,0.0,0.00041599861333795556,0.0,0.00016755499703889875,0.001080440842974968,0.0006471089540812643,0.0,0.0,0.00013288844592740249,0.0006991087807485086,0.0,0.0,0.0,0.0,0.0,0.0,0.0,0.0,6.93331022229926e-05,0.0,0.0032239892533691555,0.0,0.0,0.00019644378963181236,9.822189481590618e-05,0.0,0.0,0.006488422816368391,0.007695974346752179,0.024307030087677487,0.01377995406681978,0.003686209934855773,0.0010053299822333926,0.0,0.11832271670205544,0.032494113908509197,0.00886885932602447,0.06067224220363711,0.019251491383917612,0.0,0.008120639597868008,0.018454160708353196,0.01167684996605567,0.002386214268174662,0.003605321315595615,0.011601739105314094,0.010810186188268263,0.02478369516546056,0.00659242246970288,0.0,0.0,0.00037555430370787656,0.0,0.0,0.0,0.010324854472707314,0.0,0.0,1.733327555574815e-05,0.0008233305888980369,0.0,0.0,0.0,0.0,0.0316563389233147,0.23628721237595876,0.03257789140702865,0.013248400283110168,0.005702647657841141,0.007355086594155798,0.007239531423784143,0.016082390836474992,0.0,0.0,0.0,0.00026577689185480497,0.0002484436162990568,0.0,0.0,0.0,0.00034088775259638024,0.002727102020771042,0.0001791105140760642,0.002079993066689778,0.0032788779592956914,0.0,2.3111034074330867e-05,0.0,0.0,0.00018488827259464694,0.0,0.0,0.0006991087807485086,0.0,0.0
R6J143A,0.0,0.0040471278685618945,0.0,0.0,3.282342148063175e-05,0.0,0.0,0.0001411407123667165,0.0,5.251747436901079e-05,0.0,0.0990512390021024,0.0,0.0,0.00033151655695438063,0.00040701042635983364,0.0,0.0,0.002724343982892435,0.00652529619034959,0.0015886535996625763,0.0,0.0,0.0014393070319257018,0.0,0.0,0.0006236450081320031,0.0005973862709474977,0.0,0.0,0.0002527403454008644,0.0,0.0,0.0,0.00016411710740315871,0.0014951068484427758,0.0,0.00011159963303414794,0.0,0.000377469347027265,0.0,0.0,0.009584439072344469,6.892918510932666e-05,0.0,0.0,0.0,0.0,0.000338081241250507,0.0,0.0,0.0,0.00030854016191793836,0.0,0.0,0.0,0.0,0.0,0.0,0.0,0.0,0.0,0.0,0.0,0.0,0.0,0.0,0.0,0.0,0.0,0.0,0.0,0.0,0.0,0.0,0.0,0.0,0.0,0.0,0.0,0.0,0.0,0.0,0.0,0.0,0.0,0.0,0.0,0.0,0.0,0.0,0.0,0.0,0.0,0.0,0.0,0.0,0.0,0.0,0.0,0.0,0.0,0.0,0.0,0.0,0.0,0.0,0.0,0.0,0.0,0.0,0.0,0.0,0.0,0.0,0.0,0.0,0.0,0.0,0.0,0.0,0.0,0.0,0.0,1.6411710740315874e-05,0.0,0.0,0.0,0.0,0.0,0.0,0.0,0.0,0.03616484578736006,0.004237503713149559,0.0083962312147456,0.08021880092758994,1.6411710740315874e-05,0.0012998074906330171,0.011662161652068459,0.010234342817660978,0.0009092087750134993,0.12553974013697225,0.003178948370399184,0.001559112520330008,0.02107591893271364,0.10260273320630678,0.007743045127281028,0.00703077688115132,0.0018020058392866829,0.059864997267450204,0.08992304548833874,0.00648262574242477,0.00301975477621812,0.003764846443828461,0.005130300777422742,0.05179535909643689,0.0029048728010359092,0.030586505306726693,0.00011816431733027427,0.00379438752316103,0.0013063721749291433,8.534089584964253e-05,0.0026258737184505394,0.001050349487380216,0.0033414243067283115,0.006556478440756191,0.00030197547762181206,0.002767014430817256,0.0055602875988190175,0.032357328895606774,0.0011619491204143638,0.0,0.0,0.0,0.0,0.0,0.0,0.0,0.0011750784890066164,0.0,0.0,0.00045952790072884437,0.0,0.0,0.0,0.0,0.0,0.0,0.0,0.00015755242310703236,0.0,0.00012144665947833745,0.0,0.0002428933189566749,0.005366629412083291,0.0016838415219564084,0.0006892918510932667,0.00018709350243960093,0.0038698813925664823,0.002284510135051969,0.0,0.0022484043714232744,0.0,0.004142315790855726,0.006797730588638835,0.013516684965724153,0.00042998682139627585,0.015001944787722737,1.3129368592252698e-05,0.0040930806586347785,0.0,0.0,0.00012472900162640064,2.6258737184505397e-05,3.282342148063175e-05,0.000377469347027265,0.021003707405456252,0.008566913006444885,0.0051073243823863,0.0061412621590262,0.0042506330817418106,0.0035252354670198493,0.014123918263115839,0.003996251565266915,0.0,0.0,0.0,0.0004726572693210971,0.001224313621227564,0.0,0.0,0.0,0.0,0.0,0.0,0.0,9.518792229383205e-05,0.0,0.0
R6J143C,0.0,0.0007529051091599698,0.0,0.00011721875950993543,4.508413827305209e-05,0.0,0.00039223200297555313,0.012610033474972668,0.0,5.41009659276625e-05,2.2542069136526045e-05,0.0,0.0001532860701283771,0.0,0.010878802565287468,0.0019431263595685447,5.18467590140099e-05,0.0,0.0,0.0,0.008809440618554378,0.0003110805540840594,0.0,0.00037870676149363754,0.0,0.01357934244784329,0.02182748554489817,0.0003606731061844167,0.0,0.000410265658284774,0.002073870360560396,0.0,0.00018033655309220836,0.0002795216572929229,0.006510149566628721,0.0002006244153150818,0.0,0.0,0.0,0.00668146929206632,1.3525241481915625e-05,0.0001577944839556823,0.0003832151753209427,0.00011721875950993543,0.0,0.0,0.00023894593284717606,0.0006852789017503917,0.006447031773046449,0.0,0.0,0.0,0.0004057572444574688,0.0006401947634773396,0.0,0.0,0.0,0.0,1.3525241481915625e-05,0.0,0.0,0.0,0.0,0.0,0.0,0.0,0.0,0.0,0.0,0.0,0.0,0.0,0.0,0.0,0.0,0.0,0.0,0.0,0.0,0.0,5.41009659276625e-05,0.0,0.0,0.0,0.0,0.0,0.0,0.0,0.0,0.0,0.0,0.0,0.0,0.0,0.0,0.0,0.0,0.0,0.0,0.00016681131161029272,0.0,0.0,0.0,0.0,0.0,0.0,0.0,0.0,0.0,0.0,0.12278214217283007,0.0,0.0,0.0,0.0,7.664303506418855e-05,0.0,0.0,0.0,0.0,0.0,0.0,0.0,0.0,0.0,0.0,0.0,0.0,0.0,0.0,0.0,4.508413827305209e-05,0.0,0.00030882634717040684,0.0,0.0,0.0,0.0,0.0,0.0,0.0,0.0,0.0,0.0,0.0,0.0,0.000108201931855325,0.0,0.0,0.00017131972543759792,0.00029304689877483856,0.0,0.0,0.0,0.00017131972543759792,0.0,0.0,0.0,0.0,0.0,0.0,0.0,0.0,0.0,0.0,0.0008137686958285903,0.0,0.0,0.0,4.9592552100357296e-05,0.0,0.0,0.0050674571418910545,0.0021099376711788374,0.01806521420601197,0.07080914757165561,0.000991851042007146,7.664303506418855e-05,0.0,0.29489084003020644,0.0020873956020423115,0.004643666242124365,0.02299741893308387,0.00018935338074681877,0.06926952424963087,0.0025427453986001376,0.008061043923221713,0.019841529253970223,0.0009061911792883468,0.004988559899913214,0.0028267754697203656,0.005703143491541089,0.03813892677208841,0.0035977142341895568,0.0,0.0,6.311779358227293e-05,0.0,0.0,0.0,0.0058699548031513815,0.0,0.0,1.8033655309220836e-05,0.00017582813926490316,0.0,0.0,0.0,0.0,1.8033655309220836e-05,0.010648873460094901,0.01770904951365486,9.016827654610418e-05,0.005008847762136086,0.002867351194166113,3.606731061844167e-05,0.0033069215423283706,3.1558896791136467e-05,0.0,0.0,0.0,5.41009659276625e-05,0.0,0.0,0.0,0.007281088331097911,0.03736122538687826,0.009517261589441295,0.07706682596395524,0.0216832163024244,0.0,0.0002998095195157964,0.0,0.0,6.762620740957813e-05,0.0,0.0,0.00025247117432909173,0.0,0.0
Sg1AJ36C,0.0,0.00026865986701336586,0.0,0.0,0.0,0.0,0.0,0.0,0.00019957590120992893,0.0,0.0,0.0,0.0,0.0,0.0,0.0,0.0,0.0,0.0,0.0,0.0,0.0,0.0,0.0,0.0,0.0,0.0,0.0,0.0,0.0,0.0,0.0,0.0,0.0,0.0,0.0,0.0,0.0,0.0,0.0,0.00015735792210782857,0.0,0.0,0.0,0.0,0.0,0.0,0.0,0.0,0.0,0.0,0.0,0.0,0.0,0.0,0.0,0.0,0.0,0.0,0.0,0.0,0.0,0.0,0.0,0.0,0.0005027777511250132,0.0003953138043196669,0.0,0.0,0.0,0.0,0.0,0.0,9.978795060496447e-05,0.0,0.0,0.0,0.0,0.0,0.0,0.0,0.0,0.0,0.0,0.0,0.0,0.0,0.0,0.0,0.0,0.0,0.0,0.0,0.0,9.211195440458257e-05,1.9189990500954706e-05,0.0,4.9893975302482234e-05,0.0,0.0002533078746126021,0.00020725189741031082,0.0,0.0,0.0,0.0,0.0,0.0,0.0,0.0,0.0,0.0,0.0,0.0,0.0,0.0004605597720229129,0.002659732683432322,0.0,0.0,0.0,0.0,0.0,0.0,0.0,0.0,0.0005756997150286412,0.0,0.0,0.0,0.0,0.0,0.0,0.0,0.0,0.0,0.0,0.0,0.0,0.0,0.0,0.0,0.0,0.0,0.0,0.0,0.0,0.0,0.0,0.0,0.0,0.0,0.0,0.0,0.0,0.0,0.0,0.0,0.0,0.0,0.0,0.0,0.0,0.0,0.0,0.0,0.0,0.0,0.0,0.0,0.0,0.0,0.0,0.0,0.0,0.0064631888007215445,0.0,0.0,0.0,0.0,0.0,0.0,0.0,0.0,0.0,0.0,0.0,0.0,0.0,0.0,0.0,0.0,0.0,0.0,0.0,0.0,0.0,0.0,0.0,0.0,0.0,0.0,0.0,0.0,0.0,0.0,0.0,0.0,0.0,0.0,0.0,0.0,0.0,0.0,0.0,0.0012818913654637743,4.9893975302482234e-05,0.00039915180241985787,0.0,0.0,0.0,0.0,0.0,0.0,0.0,0.0,0.0,0.0,0.0,0.0,0.0,0.9501655136680708,0.013630650252828128,0.007923547077844198,0.0006198366931808371,0.0005795377131288321,0.00011897794110591917,0.009587319254276971,8.827395630439165e-05,0.0001420059297070648,0.0030089905105496976,0.0
Sg1BJ36C,0.0,0.0016160570170019395,0.0,0.0,0.0,0.0,2.3534810927212708e-05,0.00026280538868720863,0.0001529762710268826,0.0,0.0,0.000674664579913431,0.0003765569748354033,0.0,5.4914558830162995e-05,0.00010198418068458842,7.452690126950691e-05,0.00020004589288130805,0.00012159652312393233,0.0,0.0004903085609835981,0.0,0.0,6.668196429376935e-05,0.0,0.0,0.00014905380253901383,0.00010982911766032599,0.0,0.0,0.0,6.275949580590055e-05,0.0,0.0001078678834163916,9.806171219671962e-05,8.629430673311327e-05,0.0,0.0,0.0,6.668196429376935e-05,0.0,0.0,6.668196429376935e-05,0.0,0.0,0.0,0.0,0.0,5.8837027318031774e-05,0.0,0.0,0.0,0.0,0.0,0.0,0.0,0.0,0.0,0.0,0.0,0.0,0.0,0.0,0.0,0.0,0.0002824177311265525,0.00013728639707540747,0.00014513133405114504,0.0,0.0,7.84493697573757e-06,0.0,0.0,5.099209034229421e-05,0.0,0.0,0.0,0.0,0.0,0.0,0.0,0.0,0.0,0.0,0.0,0.0,0.0,0.0,0.0,0.0,0.0,0.0,0.0,0.0,2.7457279415081497e-05,0.0,0.0,1.1767405463606354e-05,0.0,0.0,0.0009806171219671961,5.4914558830162995e-05,0.0,0.0,0.0,0.0,0.0,0.0,0.0,0.00013728639707540747,0.0,0.0,0.0,0.0,0.00021965823532065198,0.00026280538868720863,0.0,0.0,0.0,0.0,0.0,0.0,0.0035890586663999383,0.0,0.0005275720116183517,0.0,0.0,0.0,0.0,0.0,0.0,0.0,0.0,0.0,0.0,0.0,0.0,0.0,0.0,0.0,0.0,0.0,0.0,0.0,0.0,0.0,0.0,0.0,0.0,0.0,0.0,0.0,0.0,0.0,0.0,0.0,0.0,0.0,0.0,0.0,0.0,0.0,0.0,0.0,0.0,0.0,0.0,0.0,0.0,0.0,0.0,0.0,0.0,0.04916814249543522,0.0,0.0,0.0,0.0,0.0,1.1767405463606354e-05,0.0,3.922468487868785e-05,1.1767405463606354e-05,0.0,0.0,0.0,0.00012944146009966992,0.0,0.0,0.0,0.0,0.0,0.0,8.237183824524449e-05,0.0,0.0,0.0,0.0,0.0,0.0,0.00014120886556327625,0.0,0.0,0.0,0.0,0.0,0.0,0.0,0.0,0.0,0.0,5.8837027318031774e-05,0.0,0.000364789569371797,0.00016474367649048897,0.0010041519328944089,0.00025888292019933984,0.0,0.0,0.0,0.0,0.0,0.0,0.0,0.0,0.0,0.0,0.0,0.0,0.8343110086039345,0.00041185919122622245,0.0012591123846058799,0.02980291557082703,0.03072861813396406,0.008523524024138869,0.01249306213386208,0.009298211550492954,0.00597391950702416,0.004304909165435992,0.0
Sg1CJ36C,0.0,0.0016796715866002321,0.0,0.0,1.880229387985334e-05,0.0,0.0,0.0,0.0,0.0,0.0,0.00013788348845225786,0.0,0.0,0.0,0.0,0.0,0.0,0.0,0.0,0.0,0.0,0.0,0.0,0.0,0.0,0.0,0.0,0.0,0.0,0.0,0.0,0.0,0.0,0.0,0.0,0.0,0.0,0.0,0.0,0.0,0.0,0.0,0.0,0.0,0.0,0.0,0.0,0.0,0.0,0.0,0.0,0.0,0.0,0.0,0.0,0.0,0.0,0.0,0.0,0.0,0.0,0.0,0.0,0.0,0.0008461032245934005,0.0003133715646642224,0.021923474663909,0.0,0.0,0.00010654633198583561,0.0,0.0,0.0002569646830246623,0.0,0.0,0.0,0.0,0.0,0.0,0.0,0.0,0.0,0.0,0.0,0.0,3.760458775970668e-05,0.0,0.0,0.0,0.0,0.0,0.0,0.0,0.00018802293879853342,0.00011281376327912005,0.0,0.00011281376327912005,0.0,0.0,0.001077998182444925,0.00010654633198583561,0.0,0.0,0.0,0.0,0.0,0.0,0.0,0.0,0.0,0.0,0.006073140923192629,0.0,0.0009401146939926672,0.0007458243239008493,0.0,0.0,0.0,0.0,0.0,0.0,7.520917551941337e-05,0.0,9.08777537526245e-05,0.0,0.0,0.0,0.0,6.267431293284448e-05,0.0,0.0,0.0,0.0,0.0,0.0,0.0,0.0,0.0,0.0,0.0,0.0,0.0,0.0,0.0,0.0,0.0,0.0,0.0,0.0,0.0,0.0,0.0,0.0,0.0,0.0,0.0,0.0,0.0,0.0,0.0,0.0,0.0,0.0,0.0,0.0,0.0,0.0,0.0,0.0,0.0,0.0,0.0,0.03008367020776535,0.0,0.0001566857823321112,0.0,0.0,0.0,0.0,1.2534862586568895e-05,0.0,0.0,0.0,0.0,0.0,2.506972517313779e-05,0.0,0.0,0.0,0.0,0.0,0.0,0.0,0.0,0.0,0.0,0.0,0.0,0.0,0.0,0.0,0.0,0.0,0.0,0.0,0.0,0.0,0.0,0.0,0.0,0.0,0.0,0.0,0.00010654633198583561,0.0002506972517313779,0.0,0.0003196389959575068,0.0,0.0,0.0,0.0,0.0,0.0,0.0,0.0,0.0,0.0,0.0,0.8804048760615462,0.0005201967973426092,0.0006267431293284448,0.0010153238695120807,0.0010027890069255116,1.2534862586568895e-05,0.0019742408573846008,0.02393845382469995,0.0005515339538090314,0.017191564037479238,0.006900441853906177
